preco,preco_antigo,marca,likes,anomesdia_particao,categoria,fl_item_ativo
126,0,sem  marca,0,20260709,Eletrônicos,1.0
120,120,neck massager,1,20260709,Eletrônicos,1.0
590,590,kindle,3,20260709,Eletrônicos,0.0
4000,0,palit,1,20260709,Eletrônicos,1.0
45,45,sem  marca,0,20260709,Eletrônicos,1.0
230,230,youcom,2,20260709,Eletrônicos,1.0
135,135,rhode,7,20260709,Eletrônicos,1.0
129,129,apple,7,20260709,Eletrônicos,1.0
1150,0,sony,1,20260709,Eletrônicos,1.0
700,0,lenovo,0,20260709,Eletrônicos,1.0
1050,0,sony,0,20260709,Eletrônicos,1.0
75,0,dell,1,20260709,Eletrônicos,1.0
150,150,hyperx,1,20260709,Eletrônicos,1.0
6100,6100,samsung,1,20260709,Eletrônicos,0.0
400,0,apple,0,20260709,Eletrônicos,1.0
510,510,capcomm,0,20260709,Eletrônicos,1.0
148,148,sonyy,0,20260709,Eletrônicos,1.0
100,100,sonyy,0,20260709,Eletrônicos,1.0
68,68,ps1,5,20260709,Eletrônicos,1.0
51,0,nintendo,2,20260709,Eletrônicos,1.0
1178,0,sem  marca,0,20260709,Eletrônicos,1.0
100,100,lenoxx,1,20260709,Eletrônicos,1.0
360,0,"ps4,",0,20260709,Eletrônicos,1.0
750,0,sony,2,20260709,Eletrônicos,1.0
95,95,mondial,0,20260709,Eletrônicos,1.0
850,0,motorola,2,20260709,Eletrônicos,1.0
60,60,popcap,8,20260709,Eletrônicos,1.0
2100,0,lenovo,1,20260709,Eletrônicos,1.0
220,0,sega saturn,0,20260709,Eletrônicos,1.0
40,40,sem  marca,0,20260709,Eletrônicos,1.0
180,0,ps5,1,20260709,Eletrônicos,1.0
250,0,epson,0,20260709,Eletrônicos,1.0
59,0,lg,0,20260709,Eletrônicos,1.0
1199,0,apple,0,20260709,Eletrônicos,1.0
1500,0,apple,5,20260709,Eletrônicos,1.0
800,800,ray-ban,9,20260709,Eletrônicos,1.0
130,0,mondial,0,20260709,Eletrônicos,1.0
60,60,guerrilla,1,20260709,Eletrônicos,0.0
2750,2750,apple,6,20260709,Eletrônicos,1.0
5000,0,ácer,2,20260709,Eletrônicos,1.0
1300,0,nintendo,2,20260709,Eletrônicos,1.0
250,250,espada,0,20260709,Eletrônicos,1.0
250,250,espada,0,20260709,Eletrônicos,1.0
33,33,consul,0,20260709,Eletrônicos,1.0
80,0,gocase,0,20260709,Eletrônicos,1.0
250,250,espada,0,20260709,Eletrônicos,1.0
200,0,kb slim,0,20260709,Eletrônicos,1.0
850,0,sony,3,20260709,Eletrônicos,1.0
50,0,espada,0,20260709,Eletrônicos,1.0
10500,0,apple,2,20260709,Eletrônicos,1.0
100,100,warney,1,20260709,Eletrônicos,1.0
100,100,ligeirinho,0,20260709,Eletrônicos,1.0
100,100,nintend,0,20260709,Eletrônicos,1.0
100,100,game star,3,20260709,Eletrônicos,1.0
100,100,microsoftt,7,20260709,Eletrônicos,1.0
43,43,one box,0,20260709,Eletrônicos,1.0
210,0,netac,0,20260709,Eletrônicos,1.0
700,0,fujifilm,3,20260709,Eletrônicos,1.0
200,0,retekess,1,20260709,Eletrônicos,1.0
120,120,apple,1,20260709,Eletrônicos,1.0
30,30,the north face,2,20260709,Eletrônicos,1.0
250,250,intelbrás,0,20260709,Eletrônicos,1.0
38,0,lg,0,20260709,Eletrônicos,1.0
84,0,intelbrás,0,20260709,Eletrônicos,1.0
199,199,mk toys,2,20260709,Eletrônicos,1.0
90,90,ugreen,2,20260709,Eletrônicos,1.0
320,320,belkin,0,20260709,Eletrônicos,1.0
74,0,clone,0,20260709,Eletrônicos,1.0
29,29,sem  marca,1,20260709,Eletrônicos,1.0
120,0,sem  marca,2,20260709,Eletrônicos,1.0
1300,0,dell,2,20260709,Eletrônicos,1.0
750,750,nintendo,6,20260709,Eletrônicos,0.0
130,130,philips,0,20260709,Eletrônicos,1.0
10200,10200,apple,0,20260709,Eletrônicos,1.0
2000,2000,apple,1,20260709,Eletrônicos,1.0
170,0,amazon.,0,20260709,Eletrônicos,1.0
350,0,panasonic,0,20260709,Eletrônicos,1.0
1300,1300,samsung,0,20260709,Eletrônicos,1.0
2000,0,sony,3,20260709,Eletrônicos,0.0
750,0,nintendo,2,20260709,Eletrônicos,1.0
850,0,canon,4,20260709,Eletrônicos,1.0
850,0,samsung,1,20260709,Eletrônicos,1.0
700,0,apple,1,20260709,Eletrônicos,1.0
7400,7400,canon,6,20260709,Eletrônicos,1.0
490,0,nintendo,3,20260709,Eletrônicos,1.0
70,0,activision,0,20260709,Eletrônicos,1.0
100,100,activision,0,20260709,Eletrônicos,1.0
90,0,skylanders,1,20260709,Eletrônicos,1.0
700,700,nintendo,1,20260709,Eletrônicos,1.0
60,0,activision,3,20260709,Eletrônicos,1.0
490,0,apple,3,20260709,Eletrônicos,1.0
900,0,xbox one,1,20260709,Eletrônicos,1.0
30,0,gocase,0,20260709,Eletrônicos,1.0
49,49,sem  marca,1,20260709,Eletrônicos,1.0
180,180,motoradio,1,20260709,Eletrônicos,1.0
140,140,fenvi,1,20260709,Eletrônicos,1.0
60,60,chanuo,7,20260709,Eletrônicos,1.0
485,485,diewu,2,20260709,Eletrônicos,1.0
4850,4850,fujifilm,4,20260709,Eletrônicos,1.0
350,0,xbox one,0,20260709,Eletrônicos,1.0
1975,1975,apple,5,20260709,Eletrônicos,1.0
1000,0,microsoft,5,20260709,Eletrônicos,1.0
25,25,sem  marca,0,20260709,Eletrônicos,1.0
125,125,tp-link,0,20260709,Eletrônicos,1.0
90,0,philips,8,20260709,Eletrônicos,1.0
30,0,desapego informática  adaptador caddy 9.5mm,0,20260709,Eletrônicos,1.0
95,0,w.b,5,20260709,Eletrônicos,1.0
250,250,disney,2,20260709,Eletrônicos,1.0
45,45,disney,0,20260709,Eletrônicos,1.0
65,65,ubisoft,2,20260709,Eletrônicos,1.0
750,750,jbl,3,20260709,Eletrônicos,1.0
33,33,monopod,0,20260709,Eletrônicos,1.0
195,0,xbox one,1,20260709,Eletrônicos,1.0
7200,0,pichau / razer,0,20260709,Eletrônicos,1.0
149,0,hyperx,2,20260709,Eletrônicos,1.0
350,0,nokia,0,20260709,Eletrônicos,1.0
1500,0,beats,0,20260709,Eletrônicos,1.0
2000,2000,xiaomi,3,20260709,Eletrônicos,1.0
1800,0,apple,0,20260709,Eletrônicos,1.0
29,29,sem  marca,1,20260709,Eletrônicos,1.0
479,0,nintendo,1,20260709,Eletrônicos,1.0
289,0,nintendo,0,20260709,Eletrônicos,1.0
99,0,nintendo,2,20260709,Eletrônicos,1.0
99,99,sony,1,20260709,Eletrônicos,1.0
479,0,bethesda,7,20260709,Eletrônicos,1.0
1100,0,huion,2,20260709,Eletrônicos,1.0
15,0,apple,0,20260709,Eletrônicos,1.0
1400,1400,sony,2,20260709,Eletrônicos,1.0
80,0,gocase,0,20260709,Eletrônicos,1.0
1900,0,apple,0,20260709,Eletrônicos,1.0
59,0,jvc,5,20260709,Eletrônicos,1.0
950,0,samsung,2,20260709,Eletrônicos,0.0
3000,0,apple,4,20260709,Eletrônicos,0.0
60,60,nintendo,4,20260709,Eletrônicos,1.0
60,60,nintendo,2,20260709,Eletrônicos,1.0
900,0,sony,2,20260709,Eletrônicos,1.0
35,35,sem  marca,1,20260709,Eletrônicos,1.0
210,0,hp,1,20260709,Eletrônicos,1.0
1200,1200,samsung,6,20260709,Eletrônicos,1.0
220,220,eletro,1,20260709,Eletrônicos,1.0
100,100,sony,4,20260709,Eletrônicos,1.0
1200,0,apple,0,20260709,Eletrônicos,1.0
1000,1000,apple,6,20260709,Eletrônicos,1.0
159,159,apple,9,20260709,Eletrônicos,1.0
1220,0,apple,7,20260709,Eletrônicos,1.0
213,0,goldstar,0,20260709,Eletrônicos,1.0
200,0,canon,2,20260709,Eletrônicos,1.0
1800,1800,apple,0,20260709,Eletrônicos,1.0
80,80,sem  marca,0,20260709,Eletrônicos,1.0
129,129,apple,4,20260709,Eletrônicos,1.0
279,279,philips,0,20260709,Eletrônicos,1.0
1680,0,garmin,8,20260709,Eletrônicos,1.0
230,0,atlus,3,20260709,Eletrônicos,1.0
40,40,sem  marca,2,20260709,Eletrônicos,1.0
800,800,akaso,8,20260709,Eletrônicos,1.0
150,150,segma,1,20260709,Eletrônicos,1.0
99,99,samsung,1,20260709,Eletrônicos,1.0
99,99,panasonic,3,20260709,Eletrônicos,1.0
65,65,gol,2,20260709,Eletrônicos,1.0
99,99,samsung,2,20260709,Eletrônicos,1.0
150,0,epson,1,20260709,Eletrônicos,1.0
600,0,apple,7,20260709,Eletrônicos,1.0
110,110,xbox one,0,20260709,Eletrônicos,1.0
17,17,sem  marca,0,20260709,Eletrônicos,1.0
23,23,sem  marca,1,20260709,Eletrônicos,1.0
230,230,anker,2,20260709,Eletrônicos,1.0
220,0,sega,0,20260709,Eletrônicos,1.0
150,0,gocase,0,20260709,Eletrônicos,1.0
597,0,jbl,1,20260709,Eletrônicos,1.0
28,28,sem  marca,2,20260709,Eletrônicos,1.0
560,560,playstation,2,20260709,Eletrônicos,1.0
2000,0,apple,9,20260709,Eletrônicos,0.0
3700,3700,apple,1,20260709,Eletrônicos,0.0
550,0,apple,5,20260709,Eletrônicos,1.0
55,0,apple,1,20260709,Eletrônicos,1.0
60,0,activision,0,20260709,Eletrônicos,1.0
300,300,panasonic,3,20260709,Eletrônicos,1.0
320,320,hp,1,20260709,Eletrônicos,1.0
1299,1299,apple,3,20260709,Eletrônicos,1.0
80,0,gocase,0,20260709,Eletrônicos,1.0
60,60,microsoft,4,20260709,Eletrônicos,1.0
1200,0,philips,0,20260709,Eletrônicos,1.0
35,0,sem  marca,0,20260709,Eletrônicos,1.0
699,699,galaga,9,20260709,Eletrônicos,1.0
1700,0,samsung,0,20260709,Eletrônicos,1.0
200,200,bmax,3,20260709,Eletrônicos,1.0
1630,1630,samsung,6,20260709,Eletrônicos,1.0
129,0,"ea,",4,20260709,Eletrônicos,1.0
340,0,sem  marca,1,20260709,Eletrônicos,1.0
750,750,meteoro,0,20260709,Eletrônicos,1.0
185,0,potensic,0,20260709,Eletrônicos,1.0
200,200,toys candide,1,20260709,Eletrônicos,1.0
55,55,mitsuca,4,20260709,Eletrônicos,0.0
70,70,sony,2,20260709,Eletrônicos,1.0
120,0,olympia,1,20260709,Eletrônicos,1.0
300,300,garmin,0,20260709,Eletrônicos,1.0
85,0,xbox one,1,20260709,Eletrônicos,1.0
299,299,pny,0,20260709,Eletrônicos,1.0
2350,0,fujifilm,0,20260709,Eletrônicos,1.0
650,0,adata,0,20260709,Eletrônicos,1.0
285,285,teclado para tablet,4,20260709,Eletrônicos,1.0
2900,0,sony,0,20260709,Eletrônicos,1.0
139,139,lucasarts,6,20260709,Eletrônicos,1.0
1100,0,apple,0,20260709,Eletrônicos,1.0
1900,0,apple,7,20260709,Eletrônicos,0.0
4500,4500,apple,8,20260709,Eletrônicos,1.0
150,0,positivo.,0,20260709,Eletrônicos,1.0
30,30,sem  marca,4,20260709,Eletrônicos,1.0
15,15,sem  marca,0,20260709,Eletrônicos,1.0
45,0,sem  marca,0,20260709,Eletrônicos,1.0
150,0,golden,0,20260709,Eletrônicos,1.0
320,320,samsung,1,20260709,Eletrônicos,1.0
130,130,suporte para celular articulado.,7,20260709,Eletrônicos,1.0
989,0,apple,0,20260709,Eletrônicos,1.0
499,499,motorola,0,20260709,Eletrônicos,1.0
60,60,zap!!!!,0,20260709,Eletrônicos,1.0
50,0,crystalarmor,0,20260709,Eletrônicos,0.0
40,0,atomex,0,20260709,Eletrônicos,1.0
280,0,tomate,8,20260709,Eletrônicos,1.0
450,0,apple,1,20260709,Eletrônicos,1.0
1050,1050,samsung,7,20260709,Eletrônicos,1.0
1200,1200,atgames,2,20260709,Eletrônicos,1.0
1200,0,samsung,1,20260709,Eletrônicos,1.0
109,109,pioneer,2,20260709,Eletrônicos,1.0
80,0,nintendo,9,20260709,Eletrônicos,1.0
200,0,microprose,0,20260709,Eletrônicos,1.0
300,0,cd expert,0,20260709,Eletrônicos,1.0
389,0,ea sports,0,20260709,Eletrônicos,1.0
300,0,ea sports,0,20260709,Eletrônicos,1.0
500,0,microsoft,0,20260709,Eletrônicos,1.0
86,0,samsung,0,20260709,Eletrônicos,1.0
700,0,apple,4,20260709,Eletrônicos,1.0
380,0,apple,6,20260709,Eletrônicos,1.0
25,25,controle real,0,20260709,Eletrônicos,1.0
2150,2150,meta,1,20260709,Eletrônicos,0.0
3300,0,apple,8,20260709,Eletrônicos,0.0
129,0,m 11,0,20260709,Eletrônicos,1.0
250,0,samsung,0,20260709,Eletrônicos,1.0
180,180,bml,0,20260709,Eletrônicos,1.0
250,0,mitsuca,0,20260709,Eletrônicos,1.0
35,0,sem  marca,0,20260709,Eletrônicos,1.0
140,0,sem  marca,1,20260709,Eletrônicos,1.0
70,0,mondial,5,20260709,Eletrônicos,1.0
3850,0,canon,6,20260709,Eletrônicos,1.0
1200,1200,tectoy,6,20260709,Eletrônicos,1.0
100,0,samsung,0,20260709,Eletrônicos,1.0
1400,0,positivo.,0,20260709,Eletrônicos,1.0
455,455,apple,1,20260709,Eletrônicos,1.0
1900,0,nikon,1,20260709,Eletrônicos,1.0
61,61,sony,1,20260709,Eletrônicos,1.0
750,0,lenovo,2,20260709,Eletrônicos,1.0
232,232,alcatel,2,20260709,Eletrônicos,1.0
450,0,square enix,1,20260709,Eletrônicos,1.0
100,100,microsoftt,0,20260709,Eletrônicos,1.0
5750,0,apple,0,20260709,Eletrônicos,1.0
2786,2786,apple,1,20260709,Eletrônicos,1.0
69,0,apple,0,20260709,Eletrônicos,1.0
1000,1000,sony,8,20260709,Eletrônicos,1.0
18000,0,canon,1,20260709,Eletrônicos,1.0
149,0,playstation  3,0,20260709,Eletrônicos,1.0
780,0,nintendo,3,20260709,Eletrônicos,1.0
120,0,sony,2,20260709,Eletrônicos,1.0
220,0,activision,3,20260709,Eletrônicos,1.0
150,0,nintendo,4,20260709,Eletrônicos,1.0
60,0,activision,2,20260709,Eletrônicos,1.0
109,0,nintendo,5,20260709,Eletrônicos,1.0
50,0,apple,0,20260709,Eletrônicos,1.0
500,0,microsoft,6,20260709,Eletrônicos,1.0
269,0,edifier,1,20260709,Eletrônicos,1.0
60,0,sem  marca,1,20260709,Eletrônicos,1.0
1100,1100,sony,0,20260709,Eletrônicos,1.0
600,600,game boy,2,20260709,Eletrônicos,1.0
324,324,sega,2,20260709,Eletrônicos,1.0
100,100,blü,1,20260709,Eletrônicos,1.0
365,365,sony,2,20260709,Eletrônicos,1.0
59,59,sandisk,3,20260709,Eletrônicos,1.0
100,0,star game,0,20260709,Eletrônicos,1.0
350,350,hp,0,20260709,Eletrônicos,1.0
1890,1890,nintendo,5,20260709,Eletrônicos,1.0
712,712,casio,3,20260709,Eletrônicos,1.0
290,290,casio,4,20260709,Eletrônicos,1.0
950,0,samsung,2,20260709,Eletrônicos,1.0
1250,0,sony,2,20260709,Eletrônicos,0.0
1100,1100,motorola,2,20260709,Eletrônicos,1.0
785,785,apple,5,20260709,Eletrônicos,1.0
89,89,gameboy,4,20260709,Eletrônicos,1.0
79,0,sony,3,20260709,Eletrônicos,1.0
399,399,nintendo - game & watch,2,20260709,Eletrônicos,1.0
640,0,hitachi,0,20260709,Eletrônicos,1.0
600,0,amazon.,7,20260709,Eletrônicos,1.0
199,199,game boy,4,20260709,Eletrônicos,1.0
72,0,sandisk,0,20260709,Eletrônicos,1.0
70,70,hair curler,4,20260709,Eletrônicos,1.0
420,0,nintendo,6,20260709,Eletrônicos,1.0
300,300,kodak,4,20260709,Eletrônicos,1.0
100,100,gamee,0,20260709,Eletrônicos,1.0
68,68,gamee,0,20260709,Eletrônicos,1.0
70,70,"nintendo wii,",0,20260709,Eletrônicos,1.0
88,88,game an,0,20260709,Eletrônicos,1.0
500,500,mário,0,20260709,Eletrônicos,1.0
420,0,nintendo,3,20260709,Eletrônicos,1.0
2100,0,apple,0,20260709,Eletrônicos,1.0
3500,0,samsung,1,20260709,Eletrônicos,1.0
399,399,game & watch,1,20260709,Eletrônicos,1.0
1600,0,xbox one,0,20260709,Eletrônicos,0.0
580,0,epson,0,20260709,Eletrônicos,1.0
35,0,nks,0,20260709,Eletrônicos,1.0
1100,1100,alur medical,6,20260709,Eletrônicos,0.0
50,0,sem  marca,0,20260709,Eletrônicos,1.0
149,0,sony,2,20260709,Eletrônicos,1.0
120,0,sem  marca,3,20260709,Eletrônicos,1.0
950,950,nintendo,6,20260709,Eletrônicos,1.0
3500,0,canon,1,20260709,Eletrônicos,0.0
80,80,nintendo,0,20260709,Eletrônicos,1.0
349,0,nintendo,2,20260709,Eletrônicos,1.0
499,0,dji,1,20260709,Eletrônicos,1.0
55,0,tapper,2,20260709,Eletrônicos,1.0
500,500,samsung,3,20260709,Eletrônicos,1.0
80,80,nintendo,0,20260709,Eletrônicos,1.0
110,0,sega,0,20260709,Eletrônicos,1.0
50,0,wineskin,0,20260709,Eletrônicos,1.0
250,250,dell,0,20260709,Eletrônicos,1.0
100,100,samsung,1,20260709,Eletrônicos,1.0
500,500,garmin,2,20260709,Eletrônicos,1.0
80,0,lego,0,20260709,Eletrônicos,1.0
1220,1220,sony,6,20260709,Eletrônicos,0.0
1200,1200,olympus,2,20260709,Eletrônicos,0.0
500,500,nintendo,8,20260709,Eletrônicos,1.0
80,80,quartz .,4,20260709,Eletrônicos,1.0
3000,0,apple,0,20260709,Eletrônicos,1.0
260,260,motorola,5,20260709,Eletrônicos,1.0
282,0,olympus,3,20260709,Eletrônicos,1.0
250,250,yashica,1,20260709,Eletrônicos,1.0
320,320,sony,0,20260709,Eletrônicos,1.0
450,450,kodak,2,20260709,Eletrônicos,0.0
1300,0,apple,0,20260709,Eletrônicos,1.0
2300,0,nintendo,2,20260709,Eletrônicos,1.0
90,90,sem  marca,0,20260709,Eletrônicos,1.0
89,0,apple,0,20260709,Eletrônicos,1.0
350,0,eletrônicos,6,20260709,Eletrônicos,1.0
500,500,nintendo,7,20260709,Eletrônicos,1.0
50,0,arte sedução,0,20260709,Eletrônicos,1.0
35,0,sem  marca,0,20260709,Eletrônicos,1.0
90,90,salon line.,5,20260709,Eletrônicos,1.0
1300,0,garmin,1,20260709,Eletrônicos,1.0
60,0,lego,1,20260709,Eletrônicos,1.0
230,230,taiff,0,20260709,Eletrônicos,1.0
4500,4500,casio,7,20260709,Eletrônicos,1.0
1200,0,apple,0,20260709,Eletrônicos,1.0
249,249,kodak,6,20260709,Eletrônicos,1.0
23,23,artesanal,1,20260710,eletronicos,1.0
23,23,artesanal,1,20260710,eletronicos,1.0
700,0,nikon,5,20260710,eletronicos,1.0
179,0,altomex,1,20260710,eletronicos,1.0
200,0,nintendo,0,20260710,eletronicos,1.0
23,23,artesanal,1,20260710,eletronicos,1.0
500,500,targus,1,20260710,eletronicos,1.0
80,80,sem  marca,0,20260710,eletronicos,1.0
40,0,phanteks,0,20260710,eletronicos,1.0
100,0,relaxbeauty,0,20260710,eletronicos,1.0
1000,0,nikon,1,20260710,eletronicos,1.0
650,0,kindle,1,20260710,eletronicos,1.0
599,599,olympus,0,20260710,eletronicos,1.0
860,0,nintendo,0,20260710,eletronicos,1.0
650,650,motorola,3,20260710,eletronicos,1.0
50,0,nintendo,0,20260710,eletronicos,1.0
55,0,sony,1,20260710,eletronicos,1.0
70,0,lego,1,20260710,eletronicos,1.0
70,70,sony,1,20260710,eletronicos,1.0
70,0,lego,4,20260710,eletronicos,1.0
500,0,sony,5,20260710,eletronicos,1.0
115,0,logitech,1,20260710,eletronicos,1.0
45,0,apple,0,20260710,eletronicos,1.0
35,0,sem  marca,0,20260710,eletronicos,1.0
299,299,universal-japan,3,20260710,eletronicos,1.0
15,0,apple,0,20260710,eletronicos,1.0
220,0,ballistix,3,20260710,eletronicos,1.0
25,0,bracket,0,20260710,eletronicos,1.0
200,0,jbl,1,20260710,eletronicos,1.0
23,23,artesanal,1,20260710,eletronicos,1.0
30,0,gamesir,0,20260710,eletronicos,1.0
4000,0,gigabyte,1,20260710,eletronicos,1.0
300,300,vivitar,3,20260710,eletronicos,1.0
900,0,apple,0,20260710,eletronicos,1.0
390,0,motorola,0,20260710,eletronicos,1.0
23,23,artesanal,1,20260710,eletronicos,1.0
120,0,hewlettpackard,0,20260710,eletronicos,1.0
1099,0,apple,4,20260710,eletronicos,1.0
3000,3000,sony,5,20260710,eletronicos,1.0
1525,1525,apple,0,20260710,eletronicos,1.0
850,0,lg,0,20260710,eletronicos,1.0
150,0,multilaser.,0,20260710,eletronicos,1.0
220,220,canon,5,20260710,eletronicos,0.0
500,0,kindle,6,20260710,eletronicos,1.0
120,120,play station 3,5,20260710,eletronicos,1.0
3800,0,sony,0,20260710,eletronicos,1.0
745,0,antuvi,0,20260710,eletronicos,1.0
899,899,xbox one,2,20260710,eletronicos,1.0
1000,0,apple,0,20260710,eletronicos,1.0
110,0,taiff,1,20260710,eletronicos,1.0
89,0,apple,1,20260710,eletronicos,1.0
89,0,apple,1,20260710,eletronicos,1.0
59,0,apple,0,20260710,eletronicos,1.0
89,89,agglass,1,20260710,eletronicos,1.0
69,0,apple,0,20260710,eletronicos,1.0
99,0,fujifilm,3,20260710,eletronicos,1.0
2400,0,apple,6,20260710,eletronicos,1.0
70,0,lg,4,20260710,eletronicos,1.0
100,0,apple,3,20260710,eletronicos,1.0
39,0,sony,0,20260710,eletronicos,1.0
5000,0,amd/nvidia/msi,0,20260710,eletronicos,1.0
60,0,playstation,1,20260710,eletronicos,1.0
2499,2499,xbox one,4,20260710,eletronicos,1.0
1349,0,pcyes,0,20260710,eletronicos,1.0
200,0,nintendo,2,20260710,eletronicos,1.0
350,350,olympus,4,20260710,eletronicos,1.0
799,0,sony,2,20260710,eletronicos,1.0
78,78,activision,1,20260710,eletronicos,1.0
3150,0,apple,0,20260710,eletronicos,1.0
400,0,apple,1,20260710,eletronicos,0.0
25,0,sem  marca,0,20260710,eletronicos,1.0
1600,1600,xbox one,2,20260710,eletronicos,1.0
280,0,amazon.,8,20260710,eletronicos,0.0
250,0,samsung,1,20260710,eletronicos,1.0
65,0,activision,1,20260710,eletronicos,1.0
79,79,sem  marca,2,20260710,eletronicos,1.0
199,199,yashica,6,20260710,eletronicos,1.0
120,0,kemei 2600 sem fio,0,20260710,eletronicos,1.0
180,180,olympus,4,20260710,eletronicos,1.0
65,0,sem  marca,0,20260710,eletronicos,1.0
35,0,onex,0,20260710,eletronicos,1.0
2500,2500,apple,5,20260710,eletronicos,0.0
350,0,rhode,0,20260710,eletronicos,1.0
599,599,sem  marca,0,20260710,eletronicos,1.0
423,423,sony,4,20260710,eletronicos,1.0
125,0,olympus,0,20260710,eletronicos,1.0
300,300,minolta,3,20260710,eletronicos,1.0
140,0,diversos.,3,20260710,eletronicos,1.0
120,0,samsung,2,20260710,eletronicos,1.0
50,50,samsung,4,20260710,eletronicos,1.0
1500,0,nikon,4,20260710,eletronicos,1.0
30,0,sem  marca,0,20260710,eletronicos,1.0
1300,0,apple,3,20260710,eletronicos,1.0
50,0,redmi,0,20260710,eletronicos,1.0
309,0,positivo.,1,20260710,eletronicos,1.0
4500,0,apple,5,20260710,eletronicos,1.0
3980,0,canon,2,20260710,eletronicos,1.0
2700,0,apple,0,20260710,eletronicos,1.0
75,0,microsoft,0,20260710,eletronicos,1.0
80,80,wahl,0,20260710,eletronicos,1.0
700,0,samsung,3,20260710,eletronicos,1.0
4000,4000,mancer,0,20260710,eletronicos,1.0
1600,0,apple,8,20260710,eletronicos,1.0
500,500,apple,2,20260710,eletronicos,1.0
2800,2800,apple,7,20260710,eletronicos,1.0
2300,0,apple macbook imac tab iphone,0,20260710,eletronicos,1.0
200,0,redragon,0,20260710,eletronicos,1.0
29,29,sem  marca,0,20260710,eletronicos,1.0
100,100,extreme game,2,20260710,eletronicos,1.0
20,0,sem  marca,0,20260710,eletronicos,1.0
359,0,gopro,3,20260710,eletronicos,1.0
800,0,nikon,9,20260710,eletronicos,1.0
150,0,taiff,0,20260710,eletronicos,1.0
800,0,motorola,0,20260710,eletronicos,1.0
28,0,tp-link,1,20260710,eletronicos,1.0
230,0,hasbro interactive,0,20260710,eletronicos,1.0
386,0,sony,6,20260710,eletronicos,1.0
1100,1100,garmin,1,20260710,eletronicos,1.0
100,100,disney,2,20260710,eletronicos,1.0
3900,3900,samsung,4,20260710,eletronicos,0.0
87,0,atari,0,20260710,eletronicos,1.0
200,200,thq,5,20260710,eletronicos,1.0
88,88,seg,1,20260710,eletronicos,1.0
40,40,feir,0,20260710,eletronicos,1.0
88,0,xbox one,2,20260710,eletronicos,1.0
600,0,sony,2,20260710,eletronicos,1.0
800,800,sony,4,20260710,eletronicos,1.0
350,350,superframe,1,20260710,eletronicos,1.0
220,220,sem  marca,7,20260710,eletronicos,1.0
1350,0,sony,0,20260710,eletronicos,1.0
1500,0,apple,5,20260710,eletronicos,0.0
989,0,apple,2,20260710,eletronicos,1.0
700,0,nintendo,1,20260710,eletronicos,1.0
250,0,samsung,0,20260710,eletronicos,1.0
199,0,google,1,20260710,eletronicos,1.0
850,0,apple,0,20260710,eletronicos,1.0
25,0,apple,0,20260710,eletronicos,1.0
250,250,capcom,3,20260710,eletronicos,1.0
279,0,lg,1,20260710,eletronicos,1.0
65,65,fast hair,1,20260710,eletronicos,1.0
35,0,sem  marca,0,20260710,eletronicos,1.0
120,120,mq,2,20260710,eletronicos,1.0
200,0,e71,0,20260710,eletronicos,1.0
169,169,remington.,0,20260710,eletronicos,1.0
1000,0,nintendo,2,20260710,eletronicos,1.0
100,0,medicube,0,20260710,eletronicos,0.0
300,0,positivo.,0,20260710,eletronicos,0.0
1899,0,samsung,0,20260710,eletronicos,0.0
100,100,logitech,3,20260710,eletronicos,1.0
200,0,arno,0,20260710,eletronicos,1.0
4000,0,nikon,0,20260710,eletronicos,1.0
770,0,asus,0,20260710,eletronicos,1.0
850,0,apple,0,20260710,eletronicos,1.0
1050,1050,sony,9,20260710,eletronicos,1.0
1300,0,apple,2,20260710,eletronicos,1.0
88,88,gamee,0,20260710,eletronicos,1.0
148,148,sonyy,1,20260710,eletronicos,1.0
100,100,barbie,1,20260710,eletronicos,1.0
40,40,lg,0,20260710,eletronicos,1.0
100,100,turbo game,0,20260710,eletronicos,1.0
500,500,lenovo,1,20260710,eletronicos,1.0
4000,4000,apple,2,20260710,eletronicos,1.0
130,0,ajazz,0,20260710,eletronicos,1.0
140,0,xbox one,1,20260710,eletronicos,1.0
150,150,intelbrás,0,20260710,eletronicos,1.0
29,0,nintendo,0,20260710,eletronicos,1.0
90,90,fuji,3,20260710,eletronicos,1.0
650,0,samsung,1,20260710,eletronicos,1.0
1500,0,jbl,0,20260710,eletronicos,1.0
5000,5000,apple,2,20260710,eletronicos,1.0
1100,0,samsung,0,20260710,eletronicos,1.0
500,0,apple,1,20260710,eletronicos,1.0
40,0,ubisoft,0,20260710,eletronicos,1.0
324,324,sega,0,20260710,eletronicos,1.0
115,0,gocase,1,20260710,eletronicos,1.0
80,80,philips,3,20260710,eletronicos,1.0
872,872,sony,0,20260710,eletronicos,1.0
80,80,wi-fi repeater,0,20260710,eletronicos,1.0
2299,2299,lenovo,1,20260710,eletronicos,1.0
120,120,xbox one,0,20260710,eletronicos,1.0
2299,2299,lenovo,1,20260710,eletronicos,1.0
521,0,samsung,2,20260710,eletronicos,1.0
1200,0,apple,0,20260710,eletronicos,1.0
70,70,lizz,1,20260710,eletronicos,1.0
700,700,asus,2,20260710,eletronicos,1.0
80,80,philips,1,20260710,eletronicos,1.0
102,102,sony,2,20260710,eletronicos,1.0
500,0,sony,5,20260710,eletronicos,1.0
60,0,philips,0,20260710,eletronicos,1.0
1900,0,xbox one,7,20260710,eletronicos,1.0
130,0,sierra on-line,0,20260710,eletronicos,1.0
130,0,us gold,0,20260710,eletronicos,1.0
150,0,the learning company,1,20260710,eletronicos,1.0
259,0,cd expert,0,20260710,eletronicos,1.0
300,0,ea sports,0,20260710,eletronicos,1.0
55,0,car phone,1,20260710,eletronicos,1.0
1000,0,apple,0,20260710,eletronicos,1.0
340,0,positivo.,0,20260710,eletronicos,1.0
750,750,apple,7,20260710,eletronicos,1.0
15,15,philips,6,20260710,eletronicos,1.0
900,0,oneal,0,20260710,eletronicos,1.0
180,0,sem  marca,0,20260710,eletronicos,1.0
2500,0,apple,0,20260710,eletronicos,1.0
110,0,rockstar games.,2,20260710,eletronicos,1.0
70,70,rcase,0,20260710,eletronicos,1.0
99,99,project design,2,20260710,eletronicos,1.0
50,0,sem  marca,2,20260710,eletronicos,1.0
650,0,apple,0,20260710,eletronicos,1.0
1700,1700,ácer,0,20260710,eletronicos,1.0
100,0,redragon,0,20260710,eletronicos,1.0
1400,0,apple,0,20260710,eletronicos,1.0
2000,0,samsung,4,20260710,eletronicos,1.0
899,899,samsung,0,20260710,eletronicos,1.0
30,30,sem  marca,4,20260710,eletronicos,1.0
169,0,anker,0,20260710,eletronicos,1.0
150,0,disney,0,20260710,eletronicos,1.0
750,750,polishop,4,20260710,eletronicos,1.0
120,120,samsung,9,20260710,eletronicos,1.0
40,0,sem  marca,0,20260710,eletronicos,1.0
5000,0,apple,6,20260710,eletronicos,1.0
119,0,apple,3,20260710,eletronicos,1.0
500,500,samsung,3,20260710,eletronicos,1.0
120,0,casio,0,20260710,eletronicos,1.0
50,0,sem  marca,0,20260710,eletronicos,1.0
120,0,mariana,0,20260710,eletronicos,1.0
139,0,nintendo,2,20260710,eletronicos,1.0
579,0,retrofighters,0,20260710,eletronicos,1.0
229,0,microsoft,0,20260710,eletronicos,1.0
89,0,nintendo,2,20260710,eletronicos,1.0
249,0,sony,1,20260710,eletronicos,1.0
219,0,xbox one,1,20260710,eletronicos,1.0
330,0,samsung,5,20260710,eletronicos,1.0
60,60,playstation,2,20260710,eletronicos,1.0
110,0,godox,0,20260710,eletronicos,1.0
1980,0,motorola,5,20260710,eletronicos,1.0
360,360,garmin,4,20260710,eletronicos,1.0
2800,2800,apple,5,20260710,eletronicos,0.0
80,0,gtech,0,20260710,eletronicos,1.0
495,0,samsung,2,20260710,eletronicos,1.0
75,0,microsoft,0,20260710,eletronicos,1.0
45,0,apple,0,20260710,eletronicos,1.0
70,70,samsung,1,20260710,eletronicos,1.0
180,0,8bitdo,0,20260710,eletronicos,1.0
55,0,konami,0,20260710,eletronicos,1.0
3650,0,apple,4,20260710,eletronicos,1.0
42,42,ubisoft,0,20260710,eletronicos,1.0
950,950,microsoft,1,20260710,eletronicos,1.0
350,0,fujifilm,0,20260710,eletronicos,0.0
495,0,sony,0,20260710,eletronicos,1.0
300,300,sony,0,20260710,eletronicos,1.0
250,250,apple,2,20260710,eletronicos,1.0
2400,0,apple,0,20260710,eletronicos,1.0
390,0,samsung,2,20260710,eletronicos,1.0
390,0,microsoft,6,20260710,eletronicos,1.0
20,0,sem  marca,0,20260710,eletronicos,1.0
280,0,sony,0,20260710,eletronicos,1.0
280,0,bandai namco,1,20260710,eletronicos,1.0
1500,1500,apple,4,20260710,eletronicos,1.0
159,0,microsoft,0,20260710,eletronicos,1.0
889,0,msi,0,20260710,eletronicos,1.0
200,200,play2,1,20260710,eletronicos,1.0
500,0,nintendo,1,20260710,eletronicos,1.0
99,99,sonyy,0,20260710,eletronicos,1.0
88,88,gameee,0,20260710,eletronicos,1.0
100,100,gameee,2,20260710,eletronicos,1.0
100,100,amvox,0,20260710,eletronicos,1.0
900,900,apple,2,20260710,eletronicos,1.0
100,0,jbl,0,20260710,eletronicos,1.0
250,250,broadlink,2,20260710,eletronicos,1.0
259,0,eidos interactive,0,20260710,eletronicos,1.0
40,0,sony,1,20260710,eletronicos,1.0
690,690,apple,6,20260710,eletronicos,1.0
1300,1300,samsung,3,20260710,eletronicos,1.0
3800,3800,apple,4,20260710,eletronicos,1.0
4000,4000,nikon,1,20260710,eletronicos,1.0
899,899,xbox one,8,20260710,eletronicos,1.0
1780,1780,sony,1,20260710,eletronicos,1.0
99,0,redmi,0,20260710,eletronicos,1.0
150,0,fujifilm,1,20260710,eletronicos,1.0
1250,1250,apple,9,20260710,eletronicos,1.0
150,150,smartwatch,2,20260710,eletronicos,1.0
3400,0,sem  marca,1,20260710,eletronicos,1.0
399,399,apple,3,20260710,eletronicos,1.0
990,990,samsung,9,20260710,eletronicos,1.0
17,0,sem  marca,0,20260710,eletronicos,1.0
1200,0,polar,0,20260710,eletronicos,1.0
699,0,sony,1,20260710,eletronicos,1.0
120,0,motorola,0,20260710,eletronicos,1.0
912,912,xbox one,1,20260710,eletronicos,1.0
1900,0,nintendo,7,20260710,eletronicos,1.0
2450,2450,apple,1,20260710,eletronicos,1.0
1800,0,apple,0,20260710,eletronicos,1.0
3480,0,dell,0,20260710,eletronicos,1.0
4300,0,apple,1,20260710,eletronicos,1.0
1400,0,samsung,2,20260710,eletronicos,1.0
160,160,xboxx,0,20260710,eletronicos,1.0
100,0,nintendowii,1,20260710,eletronicos,1.0
100,100,microsoftt,0,20260710,eletronicos,1.0
100,100,game,0,20260710,eletronicos,1.0
388,388,nintend,2,20260710,eletronicos,1.0
90,90,apple,2,20260710,eletronicos,1.0
110,110,apple,5,20260710,eletronicos,1.0
2000,0,sony,1,20260710,eletronicos,1.0
1500,1500,apple,3,20260710,eletronicos,1.0
50,0,sony,0,20260710,eletronicos,1.0
99,0,diversas!,0,20260710,eletronicos,1.0
100,100,legrand,1,20260710,eletronicos,1.0
80,80,a’gold,0,20260710,eletronicos,1.0
50,50,sem  marca,2,20260710,eletronicos,1.0
50,0,windows,0,20260710,eletronicos,1.0
1200,0,hp,0,20260710,eletronicos,1.0
850,0,poco,0,20260710,eletronicos,1.0
2500,0,apple,0,20260710,eletronicos,1.0
500,0,amd,0,20260710,eletronicos,1.0
350,0,amazon.,1,20260710,eletronicos,1.0
900,0,apple,7,20260710,eletronicos,1.0
2600,0,dell,5,20260710,eletronicos,1.0
480,0,lg,0,20260710,eletronicos,1.0
1350,1350,xiaomi,2,20260710,eletronicos,1.0
75,75,samsung,2,20260710,eletronicos,1.0
1000,1000,sony,1,20260710,eletronicos,1.0
375,0,jbl,0,20260710,eletronicos,1.0
69,69,bomvink,2,20260710,eletronicos,1.0
50,0,rockstar games.,1,20260710,eletronicos,1.0
541,541,apple,9,20260710,eletronicos,0.0
1199,0,samsung,3,20260710,eletronicos,1.0
115,115,taiff,0,20260710,eletronicos,1.0
25,25,sem  marca,0,20260710,eletronicos,1.0
380,380,nikon,4,20260710,eletronicos,1.0
3800,0,intel,0,20260710,eletronicos,1.0
50,0,nintendo,1,20260710,eletronicos,1.0
90,0,playstation,1,20260710,eletronicos,1.0
300,0,nintendo,8,20260710,eletronicos,1.0
430,0,nintendo,3,20260710,eletronicos,1.0
90,0,sony,1,20260710,eletronicos,1.0
260,0,samsung,1,20260710,eletronicos,1.0
440,0,canon,1,20260710,eletronicos,1.0
1600,0,dell,2,20260710,eletronicos,1.0
3000,3000,apple,3,20260710,eletronicos,1.0
1000,0,apple,0,20260710,eletronicos,1.0
3900,3900,dyson,8,20260710,eletronicos,1.0
60,60,sem  marca,1,20260710,eletronicos,1.0
3900,3900,apple,0,20260710,eletronicos,1.0
650,650,inmei,1,20260710,eletronicos,1.0
30,0,olympus,0,20260710,eletronicos,1.0
76,76,nintendo,0,20260710,eletronicos,1.0
109,109,bml,3,20260710,eletronicos,1.0
345,0,apple,7,20260710,eletronicos,1.0
2200,0,apple,0,20260710,eletronicos,1.0
110,110,apple,8,20260710,eletronicos,1.0
650,650,canon,1,20260710,eletronicos,1.0
750,0,nintendo,2,20260710,eletronicos,1.0
35,0,samsung,0,20260710,eletronicos,1.0
100,100,alfa gold,1,20260710,eletronicos,1.0
2500,0,apple,2,20260710,eletronicos,1.0
780,780,apple,1,20260710,eletronicos,0.0
200,0,konami,0,20260710,eletronicos,1.0
40,0,naughty dog,0,20260710,eletronicos,1.0
110,110,apple,8,20260710,eletronicos,1.0
23,23,sem  marca,0,20260710,eletronicos,1.0
122,0,redragon,1,20260710,eletronicos,0.0
450,0,poco,0,20260710,eletronicos,1.0
5799,5799,apple,5,20260710,eletronicos,1.0
20,20,tiktokshop,1,20260710,eletronicos,1.0
90,0,altomex,0,20260710,eletronicos,1.0
5970,5970,apple,2,20260710,eletronicos,1.0
700,0,t tartisan,2,20260710,eletronicos,1.0
1200,0,apple,2,20260710,eletronicos,1.0
699,699,redmi,2,20260710,eletronicos,1.0
40,0,nintendo,1,20260710,eletronicos,1.0
2099,0,motorola,3,20260710,eletronicos,1.0
1000,1000,apple,5,20260710,eletronicos,1.0
4900,0,apple,0,20260710,eletronicos,1.0
550,0,xbox one,0,20260710,eletronicos,1.0
300,0,electronic arts,0,20260710,eletronicos,1.0
650,0,samsung,0,20260710,eletronicos,1.0
900,0,apple,0,20260710,eletronicos,1.0
1500,1500,xbox one,5,20260710,eletronicos,1.0
950,0,apple,2,20260710,eletronicos,1.0
750,750,samsung,0,20260710,eletronicos,1.0
130,0,apple,0,20260710,eletronicos,1.0
240,0,microsoft,4,20260710,eletronicos,1.0
68,0,xbox one,2,20260710,eletronicos,1.0
60,60,sem  marca,1,20260710,eletronicos,1.0
1300,1300,psb,2,20260710,eletronicos,1.0
324,0,sega,0,20260710,eletronicos,1.0
1100,0,apple,0,20260710,eletronicos,1.0
2700,0,apple,1,20260710,eletronicos,1.0
4500,0,apple,4,20260710,eletronicos,1.0
500,0,nintendo,4,20260710,eletronicos,1.0
200,0,microsoft,0,20260710,eletronicos,1.0
4000,4000,microsoft,0,20260710,eletronicos,1.0
300,300,apple,5,20260710,eletronicos,1.0
99,0,redmi,0,20260710,eletronicos,1.0
3363,0,ray-ban,1,20260710,eletronicos,1.0
429,429,konami,1,20260710,eletronicos,1.0
1200,1200,lenovo,2,20260710,eletronicos,1.0
189,0,nikon,9,20260710,eletronicos,1.0
149,149,shinecon,1,20260710,eletronicos,1.0
120,120,lenovo,0,20260710,eletronicos,1.0
95,0,nintendo,0,20260710,eletronicos,1.0
300,0,leadership,6,20260710,eletronicos,1.0
49,49,sem  marca,1,20260710,eletronicos,1.0
1250,1250,garmin,2,20260710,eletronicos,1.0
2200,0,apple,8,20260710,eletronicos,1.0
2500,2500,apple,2,20260710,eletronicos,1.0
40,0,sem  marca,0,20260710,eletronicos,1.0
100,0,philips,0,20260710,eletronicos,1.0
17,0,sem  marca,0,20260710,eletronicos,1.0
420,0,panasonic,3,20260710,eletronicos,1.0
250,250,sem  marca,0,20260710,eletronicos,1.0
3500,0,sony,0,20260710,eletronicos,0.0
1600,1600,garmin,1,20260710,eletronicos,1.0
60,0,sem  marca,0,20260710,eletronicos,1.0
99,0,ubisoft,0,20260710,eletronicos,1.0
110,0,taiff,0,20260710,eletronicos,1.0
120,120,sony,7,20260710,eletronicos,1.0
350,0,tissot,2,20260710,eletronicos,1.0
70,0,shopee,0,20260710,eletronicos,1.0
900,0,samsung,0,20260710,eletronicos,1.0
550,0,sony,1,20260710,eletronicos,1.0
2499,2499,garmin,2,20260710,eletronicos,1.0
200,200,retekess,1,20260710,eletronicos,1.0
1231,0,garmin,0,20260710,eletronicos,1.0
255,0,hp,8,20260710,eletronicos,1.0
65,65,series lumen,3,20260710,eletronicos,1.0
1500,0,sony,2,20260710,eletronicos,1.0
62,0,mondial,0,20260710,eletronicos,1.0
2200,0,apple,0,20260710,eletronicos,1.0
150,150,compactiv-sanssung,0,20260710,eletronicos,1.0
80,80,sem  marca,0,20260710,eletronicos,1.0
230,0,microsoft,1,20260710,eletronicos,1.0
1350,1350,samsung,4,20260710,eletronicos,1.0
22,0,lity,0,20260710,eletronicos,1.0
130,0,nis america,0,20260710,eletronicos,1.0
1720,1720,apple,3,20260710,eletronicos,1.0
80,0,apple,0,20260710,eletronicos,1.0
100,100,acbel,1,20260710,eletronicos,1.0
580,0,sony,0,20260710,eletronicos,1.0
850,0,sony,0,20260710,eletronicos,1.0
1201,1201,apple,3,20260710,eletronicos,1.0
1190,0,sony,2,20260710,eletronicos,1.0
150,150,nikon,0,20260710,eletronicos,1.0
450,0,sem  marca,5,20260710,eletronicos,1.0
699,699,canon,6,20260710,eletronicos,1.0
1200,1200,sony,8,20260710,eletronicos,1.0
80,0,vertix,2,20260710,eletronicos,1.0
280,280,motorola,4,20260710,eletronicos,1.0
120,120,microsoft,4,20260710,eletronicos,1.0
2999,0,gopro,0,20260710,eletronicos,1.0
120,120,philips,3,20260710,eletronicos,1.0
2200,0,sony,0,20260710,eletronicos,1.0
150,150,xbox one,2,20260710,eletronicos,1.0
700,0,samsung,0,20260710,eletronicos,1.0
200,200,sony,1,20260710,eletronicos,1.0
1800,0,ivideokê,0,20260710,eletronicos,1.0
550,0,xbox one,4,20260710,eletronicos,1.0
1800,0,apple,2,20260710,eletronicos,1.0
849,849,samsung,6,20260710,eletronicos,1.0
130,0,philco,0,20260710,eletronicos,1.0
320,0,motorola,3,20260710,eletronicos,1.0
49,0,asus,0,20260710,eletronicos,1.0
170,0,olivetti,3,20260710,eletronicos,1.0
120,120,babyliss,2,20260710,eletronicos,1.0
1500,0,apple,0,20260710,eletronicos,1.0
3200,0,sony,4,20260710,eletronicos,1.0
50,50,kooper,0,20260710,eletronicos,1.0
1300,0,apple,4,20260710,eletronicos,1.0
45,45,ubisoft,1,20260710,eletronicos,1.0
100,0,sem  marca,0,20260710,eletronicos,1.0
1350,1350,sony,5,20260710,eletronicos,1.0
130,0,ulanzi,0,20260710,eletronicos,1.0
1900,1900,kodak,5,20260710,eletronicos,1.0
60,0,activision,0,20260710,eletronicos,1.0
400,0,playstation,1,20260710,eletronicos,1.0
1050,0,sony,5,20260710,eletronicos,1.0
449,449,jbl,4,20260710,eletronicos,1.0
145,145,nintendo,4,20260710,eletronicos,1.0
190,190,aoc,2,20260710,eletronicos,1.0
100,0,philco,3,20260710,eletronicos,0.0
4499,0,apple,1,20260710,eletronicos,1.0
85,0,mirage,0,20260710,eletronicos,1.0
2100,2100,apple,3,20260710,eletronicos,1.0
800,800,apple,5,20260710,eletronicos,1.0
550,0,samsung,1,20260710,eletronicos,1.0
3000,0,garmin,9,20260710,eletronicos,1.0
50,0,sem  marca,0,20260710,eletronicos,1.0
300,300,sem  marca,1,20260710,eletronicos,1.0
399,399,amazon.,9,20260710,eletronicos,0.0
130,130,morina,0,20260710,eletronicos,0.0
324,0,sega,0,20260710,eletronicos,1.0
190,0,mondial,0,20260710,eletronicos,1.0
799,799,philco,5,20260710,eletronicos,1.0
1800,0,zotacgaming,0,20260710,eletronicos,1.0
1700,1700,nikon,8,20260710,eletronicos,1.0
100,0,aoc,0,20260710,eletronicos,1.0
40,40,headmi,0,20260710,eletronicos,1.0
999,999,samsung,3,20260710,eletronicos,1.0
2490,0,dell,4,20260710,eletronicos,1.0
324,324,sega,0,20260710,eletronicos,1.0
8000,0,prograde,0,20260710,eletronicos,1.0
100,0,jbl,7,20260710,eletronicos,1.0
250,0,alira,0,20260710,eletronicos,1.0
200,0,activision,0,20260710,eletronicos,1.0
85,85,vans,2,20260710,eletronicos,1.0
850,0,sony,0,20260710,eletronicos,1.0
199,0,apple,1,20260710,eletronicos,1.0
470,0,xbox one,0,20260710,eletronicos,1.0
60,0,xbox one,0,20260710,eletronicos,1.0
1100,0,apple,1,20260710,eletronicos,1.0
150,0,ea sports,0,20260710,eletronicos,1.0
280,280,kindle,0,20260710,eletronicos,1.0
1580,1580,apple,8,20260710,eletronicos,1.0
350,0,avermedia,3,20260710,eletronicos,1.0
250,0,jbl,9,20260710,eletronicos,1.0
324,324,sega,0,20260710,eletronicos,1.0
2500,2500,apple,4,20260710,eletronicos,1.0
200,200,sem  marca,4,20260710,eletronicos,1.0
69,0,lego,1,20260710,eletronicos,1.0
100,0,natsume,0,20260710,eletronicos,1.0
450,0,soundvoice,0,20260710,eletronicos,1.0
22,22,sem  marca,9,20260710,eletronicos,1.0
1800,1800,ácer,0,20260710,eletronicos,1.0
399,0,sony,1,20260710,eletronicos,1.0
15,15,newton,0,20260710,eletronicos,1.0
79,79,g speaker,1,20260710,eletronicos,1.0
3900,0,apple,3,20260710,eletronicos,1.0
70,0,sony,0,20260710,eletronicos,1.0
100,100,sem  marca,0,20260710,eletronicos,1.0
2500,0,apple,4,20260710,eletronicos,1.0
199,199,magcubic,1,20260710,eletronicos,1.0
700,0,galax,0,20260710,eletronicos,1.0
125,125,apple,3,20260710,eletronicos,1.0
880,880,samsung,2,20260710,eletronicos,1.0
850,0,apple,5,20260710,eletronicos,1.0
750,0,amazon.,1,20260710,eletronicos,1.0
4800,4800,apple,9,20260710,eletronicos,1.0
150,0,microsoft,0,20260710,eletronicos,1.0
850,0,sega,0,20260710,eletronicos,1.0
49,0,sem  marca,0,20260710,eletronicos,1.0
500,0,samsung,0,20260710,eletronicos,1.0
87,0,atari,2,20260710,eletronicos,1.0
950,0,gopro,0,20260710,eletronicos,1.0
75,0,konami,0,20260710,eletronicos,1.0
290,0,mitsuca,0,20260710,eletronicos,1.0
90,0,sony,4,20260710,eletronicos,1.0
15,15,crave games,2,20260710,eletronicos,1.0
68,68,snes,0,20260710,eletronicos,1.0
99,99,cala,4,20260710,eletronicos,1.0
735,0,apple,5,20260710,eletronicos,1.0
90,0,samsung,0,20260710,eletronicos,1.0
120,0,conair,0,20260710,eletronicos,1.0
450,0,xbox one,2,20260710,eletronicos,1.0
350,0,playstation,3,20260710,eletronicos,1.0
900,0,sony,3,20260710,eletronicos,1.0
700,700,samsung,3,20260710,eletronicos,1.0
200,200,benedita,0,20260710,eletronicos,1.0
156,156,intel,0,20260710,eletronicos,1.0
300,0,razer,0,20260710,eletronicos,1.0
200,200,gokoco,7,20260710,eletronicos,1.0
200,0,relaxmedic,0,20260710,eletronicos,1.0
2500,2500,pioneer,0,20260710,eletronicos,1.0
60,0,xbox one,7,20260710,eletronicos,1.0
700,700,louis vuitton,4,20260710,eletronicos,1.0
70,0,olympus,0,20260710,eletronicos,1.0
1450,0,nikon,4,20260710,eletronicos,1.0
487,0,apple,6,20260710,eletronicos,1.0
150,150,yashica,1,20260710,eletronicos,1.0
340,0,fujifilm,7,20260710,eletronicos,1.0
200,0,champion,2,20260710,eletronicos,1.0
200,0,slim,9,20260710,eletronicos,1.0
59,0,gao imports,0,20260710,eletronicos,1.0
580,0,apple,0,20260710,eletronicos,1.0
1500,0,element's,0,20260710,eletronicos,1.0
113,113,apple,0,20260710,eletronicos,1.0
85,85,rockstar games.,2,20260710,eletronicos,1.0
304,0,samsung,2,20260710,eletronicos,1.0
4000,4000,sony,9,20260710,eletronicos,1.0
300,0,google,0,20260710,eletronicos,1.0
80,80,tripe 3110,0,20260710,eletronicos,1.0
2700,0,canon,5,20260710,eletronicos,1.0
1000,0,nintendo,2,20260710,eletronicos,0.0
35,0,sem  marca,1,20260710,eletronicos,1.0
2900,0,asus,2,20260710,eletronicos,1.0
65,0,sem  marca,0,20260710,eletronicos,1.0
700,700,hp,5,20260710,eletronicos,1.0
400,0,nintendo,8,20260710,eletronicos,1.0
2000,0,xiaomi,0,20260710,eletronicos,1.0
220,0,tokina,0,20260710,eletronicos,1.0
320,320,sony,2,20260710,eletronicos,1.0
4500,0,dji,0,20260710,eletronicos,1.0
369,0,gama italy,0,20260710,eletronicos,1.0
5200,0,apple,2,20260710,eletronicos,1.0
7000,0,apple,0,20260710,eletronicos,1.0
11000,0,apple,2,20260710,eletronicos,1.0
30,0,samsung,0,20260710,eletronicos,1.0
45,0,ea sports,0,20260710,eletronicos,1.0
889,0,apple,0,20260710,eletronicos,1.0
87,87,trestini,0,20260710,eletronicos,1.0
40,40,dellar,0,20260710,eletronicos,1.0
39,0,sem  marca,1,20260710,eletronicos,1.0
1500,0,apple,0,20260710,eletronicos,1.0
49,0,vec,0,20260710,eletronicos,1.0
100,0,telltale games,2,20260710,eletronicos,1.0
60,0,apple,0,20260710,eletronicos,1.0
3000,3000,dell,5,20260710,eletronicos,1.0
1297,0,samsung,1,20260710,eletronicos,1.0
150,0,apple,0,20260710,eletronicos,1.0
9500,0,apple,0,20260710,eletronicos,1.0
600,0,amazon.,8,20260710,eletronicos,1.0
90,90,britania,1,20260710,eletronicos,1.0
180,0,apple,0,20260710,eletronicos,1.0
324,0,sega,0,20260710,eletronicos,1.0
55,55,naughty dog,4,20260710,eletronicos,1.0
49,0,sem  marca,0,20260710,eletronicos,1.0
160,160,philco,1,20260710,eletronicos,1.0
160,160,gopro,1,20260710,eletronicos,1.0
900,900,xbox one,0,20260710,eletronicos,0.0
250,250,oex,0,20260710,eletronicos,1.0
130,130,gopro,0,20260710,eletronicos,1.0
150,150,hidea & designer,1,20260710,eletronicos,1.0
5350,0,apple,2,20260710,eletronicos,1.0
250,0,apple,0,20260710,eletronicos,1.0
320,320,olympus,2,20260710,eletronicos,1.0
380,380,kodak,3,20260710,eletronicos,1.0
260,260,olympus,1,20260710,eletronicos,1.0
160,160,kodak,6,20260710,eletronicos,1.0
48,48,apple,0,20260710,eletronicos,1.0
399,0,kodak,1,20260710,eletronicos,1.0
200,0,intelbrás,1,20260710,eletronicos,1.0
1800,1800,samsung,2,20260710,eletronicos,1.0
2150,0,motorola,5,20260710,eletronicos,1.0
90,90,yashica,0,20260710,eletronicos,1.0
90,90,pentax,0,20260710,eletronicos,1.0
145,145,panasonic,1,20260710,eletronicos,1.0
80,80,mondial,0,20260710,eletronicos,1.0
180,180,samsung,3,20260710,eletronicos,1.0
155,155,yashica,2,20260710,eletronicos,1.0
30,0,sem  marca,0,20260710,eletronicos,1.0
100,100,samsung,0,20260710,eletronicos,1.0
90,90,nikon,3,20260710,eletronicos,1.0
2000,2000,apple,1,20260710,eletronicos,1.0
40,40,mitsuca,2,20260710,eletronicos,1.0
130,130,"ea,",2,20260710,eletronicos,1.0
100,100,gama,4,20260710,eletronicos,1.0
600,600,realme,0,20260710,eletronicos,1.0
60,0,sem  marca,0,20260710,eletronicos,1.0
2000,2000,oppo,0,20260710,eletronicos,0.0
86,86,cândide,4,20260710,eletronicos,1.0
250,0,ea sports,0,20260710,eletronicos,1.0
800,800,sony,1,20260710,eletronicos,1.0
1200,1200,akg,0,20260710,eletronicos,1.0
1000,1000,sem  marca,0,20260710,eletronicos,1.0
1000,1000,datrel,0,20260710,eletronicos,1.0
1000,1000,lenovo,0,20260710,eletronicos,1.0
345,345,lg,5,20260710,eletronicos,1.0
1800,1800,nikon,1,20260710,eletronicos,1.0
1300,1300,apple,2,20260710,eletronicos,1.0
1300,1300,apple,3,20260710,eletronicos,1.0
150,0,activision,0,20260710,eletronicos,1.0
219,219,tomate,0,20260710,eletronicos,1.0
152,152,naughty dog,1,20260710,eletronicos,1.0
300,300,sony,0,20260710,eletronicos,1.0
165,165,zimbabwer,0,20260710,eletronicos,1.0
200,200,tamagotchi,5,20260710,eletronicos,1.0
300,300,amiibo nintendo,0,20260710,eletronicos,1.0
290,290,apple,1,20260710,eletronicos,1.0
188,188,sonyy,2,20260710,eletronicos,1.0
120,120,philips,1,20260710,eletronicos,1.0
186,186,hp,0,20260710,eletronicos,1.0
149,0,xiaomi,1,20260710,eletronicos,1.0
150,150,swarovski,0,20260710,eletronicos,1.0
139,139,gm7,1,20260710,eletronicos,1.0
120,120,wearfit,1,20260710,eletronicos,1.0
1700,0,sony,0,20260710,eletronicos,1.0
96,96,sem  marca,0,20260710,eletronicos,1.0
110,110,samsung,0,20260710,eletronicos,1.0
110,110,qcy,0,20260710,eletronicos,1.0
5000,0,apple,2,20260710,eletronicos,1.0
148,148,nintend,5,20260710,eletronicos,1.0
1100,0,sony,3,20260710,eletronicos,1.0
65,65,activision,0,20260710,eletronicos,1.0
75,75,nintendo,1,20260710,eletronicos,1.0
70,70,xbox one,1,20260710,eletronicos,1.0
50,50,lenoxx sound,2,20260710,eletronicos,1.0
2250,2250,xbox one,6,20260710,eletronicos,1.0
280,280,edifier,0,20260710,eletronicos,1.0
40,40,ds,0,20260710,eletronicos,1.0
40,40,pc gamer,0,20260710,eletronicos,1.0
50,50,super nitendo,1,20260710,eletronicos,1.0
45,45,lehmox,0,20260710,eletronicos,1.0
2399,2399,asus,0,20260710,eletronicos,1.0
30,30,sem  marca,1,20260710,eletronicos,1.0
48,48,chiwa,2,20260710,eletronicos,1.0
40,40,renner,3,20260710,eletronicos,1.0
1100,1100,apple,9,20260710,eletronicos,1.0
30,30,iphone,0,20260710,eletronicos,1.0
1500,1500,dell,0,20260710,eletronicos,1.0
29,29,sem  marca,4,20260710,eletronicos,1.0
1000,1000,amvox,0,20260710,eletronicos,1.0
75,0,sem  marca,0,20260710,eletronicos,1.0
150,0,lenovo,0,20260710,eletronicos,1.0
400,400,pentax,1,20260710,eletronicos,1.0
22,22,sem  marca,1,20260710,eletronicos,1.0
1800,1800,dell,0,20260710,eletronicos,1.0
2950,2950,gamer,2,20260710,eletronicos,1.0
22,22,bt21,3,20260710,eletronicos,1.0
2500,2500,intel,0,20260710,eletronicos,1.0
1900,1900,canon,6,20260710,eletronicos,1.0
650,650,zoom,0,20260710,eletronicos,1.0
541,541,apple,0,20260710,eletronicos,1.0
340,340,apple,0,20260710,eletronicos,1.0
250,250,haylou,0,20260710,eletronicos,1.0
5000,0,sony,9,20260710,eletronicos,1.0
350,350,machintec,0,20260710,eletronicos,1.0
180,180,4forte,1,20260710,eletronicos,1.0
99,0,multilaser.,0,20260710,eletronicos,1.0
148,148,ea sportss,0,20260710,eletronicos,1.0
229,229,relaxmedic,2,20260710,eletronicos,1.0
120,120,sem  marca,0,20260710,eletronicos,1.0
120,120,positivo.,0,20260710,eletronicos,1.0
130,130,powerbank,0,20260710,eletronicos,1.0
195,195,tomate,1,20260710,eletronicos,1.0
224,224,sega,3,20260710,eletronicos,1.0
250,250,positivo.,6,20260710,eletronicos,1.0
200,200,case para mi pad 5 e 5pro 11pol,0,20260710,eletronicos,1.0
120,120,sem  marca,0,20260710,eletronicos,1.0
100,100,pentax,1,20260710,eletronicos,1.0
100,100,britania,0,20260710,eletronicos,1.0
4000,0,apple,7,20260710,eletronicos,1.0
159,159,pgytech,2,20260710,eletronicos,1.0
148,148,dynacom s,7,20260710,eletronicos,1.0
110,0,red barrels,4,20260710,eletronicos,1.0
100,100,ea sportss,0,20260710,eletronicos,1.0
150,150,moes,0,20260710,eletronicos,1.0
108,108,sonyy,0,20260710,eletronicos,1.0
600,600,amazon.,1,20260710,eletronicos,1.0
90,90,apple,1,20260710,eletronicos,1.0
100,100,mondial,0,20260710,eletronicos,1.0
1500,1500,redmi,7,20260710,eletronicos,1.0
70,70,"nintendo wii,",0,20260710,eletronicos,1.0
88,88,nintend,0,20260710,eletronicos,1.0
79,79,wb-games,9,20260710,eletronicos,1.0
599,0,echo,0,20260710,eletronicos,1.0
45,45,ea sports,0,20260710,eletronicos,1.0
90,90,sem  marca,6,20260710,eletronicos,1.0
100,0,motospeed,1,20260710,eletronicos,1.0
65,65,britania,5,20260710,eletronicos,1.0
60,60,cmik,1,20260710,eletronicos,1.0
45,45,sem  marca,0,20260710,eletronicos,1.0
40,40,feir,0,20260710,eletronicos,1.0
850,0,panasonic,0,20260710,eletronicos,1.0
40,40,sem  marca,0,20260710,eletronicos,1.0
40,40,samsung,0,20260710,eletronicos,1.0
60,60,logi,5,20260710,eletronicos,1.0
50,50,ubisoft,0,20260710,eletronicos,1.0
60,60,ubisoft,2,20260710,eletronicos,1.0
200,0,kodak,1,20260710,eletronicos,1.0
36,36,sem  marca,0,20260710,eletronicos,1.0
30,30,multilaser.,1,20260710,eletronicos,1.0
21,21,sem  marca,1,20260710,eletronicos,1.0
499,0,sem  marca,2,20260710,eletronicos,1.0
700,700,redragon,1,20260710,eletronicos,1.0
1876,1876,apple,3,20260710,eletronicos,1.0
895,895,lenovo,0,20260710,eletronicos,1.0
600,600,apple,0,20260710,eletronicos,1.0
393,393,lomografy,6,20260710,eletronicos,1.0
797,797,hp,0,20260710,eletronicos,1.0
700,700,epson,0,20260710,eletronicos,1.0
770,770,"asrock, amd",6,20260710,eletronicos,1.0
376,376,xbox one,2,20260710,eletronicos,1.0
350,350,redmi,0,20260710,eletronicos,1.0
2500,2500,samsung,1,20260710,eletronicos,1.0
1000,1000,nikon,4,20260710,eletronicos,1.0
188,188,tectoy,1,20260710,eletronicos,1.0
500,500,dell,7,20260710,eletronicos,1.0
510,0,sony,0,20260710,eletronicos,1.0
400,400,apple,0,20260710,eletronicos,1.0
800,800,jabra,0,20260710,eletronicos,1.0
200,200,razer,0,20260710,eletronicos,1.0
220,220,positivo.,0,20260710,eletronicos,1.0
1400,1400,shure,0,20260710,eletronicos,1.0
339,339,apple,2,20260710,eletronicos,1.0
89,0,omron,0,20260710,eletronicos,1.0
120,120,keqiwear,0,20260710,eletronicos,1.0
327,327,feira hippie de ipanema,0,20260710,eletronicos,1.0
150,150,snowman,0,20260710,eletronicos,1.0
300,300,revlon,2,20260710,eletronicos,1.0
3000,3000,nintendo,7,20260710,eletronicos,0.0
150,150,smart tv 28 ld,0,20260710,eletronicos,1.0
100,100,snes,0,20260710,eletronicos,1.0
100,100,sem  marca,0,20260710,eletronicos,1.0
150,150,playstation studios,1,20260710,eletronicos,1.0
80,80,microsoft,0,20260710,eletronicos,1.0
89,89,sem  marca,0,20260710,eletronicos,1.0
100,100,nog,1,20260710,eletronicos,1.0
150,0,xiaomi,1,20260710,eletronicos,1.0
2600,2600,motorola,2,20260710,eletronicos,0.0
45,0,samsung,0,20260710,eletronicos,1.0
69,69,bommax,1,20260710,eletronicos,1.0
90,90,sun,2,20260710,eletronicos,1.0
100,100,sony,3,20260710,eletronicos,1.0
100,100,titan,3,20260710,eletronicos,1.0
350,0,sony,0,20260710,eletronicos,1.0
70,70,w&o little star,0,20260710,eletronicos,1.0
99,99,steam,0,20260710,eletronicos,1.0
100,100,indusat,0,20260710,eletronicos,1.0
80,80,tron,2,20260710,eletronicos,1.0
80,80,xbox one,1,20260710,eletronicos,1.0
70,70,capcom,3,20260710,eletronicos,1.0
50,50,tron,3,20260710,eletronicos,1.0
58,58,activision,1,20260710,eletronicos,1.0
350,0,samsung,0,20260710,eletronicos,1.0
1000,0,sony,1,20260710,eletronicos,1.0
60,60,xbox one,0,20260710,eletronicos,1.0
60,60,sem  marca,0,20260710,eletronicos,1.0
45,45,fitzei,0,20260710,eletronicos,1.0
2800,2800,samsung,0,20260710,eletronicos,1.0
250,0,sony,2,20260710,eletronicos,1.0
200,0,intelbrás,0,20260710,eletronicos,1.0
65,0,activision,0,20260710,eletronicos,1.0
17,0,sem  marca,0,20260710,eletronicos,1.0
300,0,google,0,20260710,eletronicos,1.0
289,0,red dragon,0,20260710,eletronicos,1.0
200,0,redmi,0,20260710,eletronicos,0.0
20,20,rca,0,20260710,eletronicos,1.0
20,20,shein,0,20260710,eletronicos,1.0
140,140,xiaomi,3,20260710,eletronicos,1.0
35,35,audiotec,0,20260710,eletronicos,1.0
25,25,pegasus,0,20260710,eletronicos,1.0
30,30,sem  marca,3,20260710,eletronicos,1.0
29,29,intel,1,20260710,eletronicos,1.0
39,39,cabos!!,0,20260710,eletronicos,1.0
541,541,apple,0,20260710,eletronicos,1.0
1500,1500,powercolor,1,20260710,eletronicos,1.0
950,950,epson,0,20260710,eletronicos,1.0
2600,2600,cooler master,0,20260710,eletronicos,1.0
650,650,wls,0,20260710,eletronicos,1.0
4200,4200,beelink,0,20260710,eletronicos,1.0
1200,1200,infinity,1,20260710,eletronicos,1.0
10000,10000,siemens,1,20260710,eletronicos,1.0
900,900,astro,0,20260710,eletronicos,1.0
130,0,konami,0,20260710,eletronicos,1.0
4350,4350,apple,1,20260710,eletronicos,1.0
1550,1550,apple,0,20260710,eletronicos,1.0
280,0,hp,0,20260710,eletronicos,1.0
180,180,intelbrás,0,20260710,eletronicos,1.0
250,250,rhode,0,20260710,eletronicos,1.0
1050,1050,sony,1,20260710,eletronicos,1.0
235,235,samsung,0,20260710,eletronicos,1.0
451,451,epson,0,20260710,eletronicos,1.0
800,800,desktop,0,20260710,eletronicos,1.0
700,700,nintendo,0,20260710,eletronicos,1.0
850,850,nintendo,1,20260710,eletronicos,1.0
750,750,apple,1,20260710,eletronicos,1.0
500,500,samsung,4,20260710,eletronicos,1.0
79,0,xbox one,1,20260710,eletronicos,1.0
541,541,apple,0,20260710,eletronicos,1.0
55,0,sony,4,20260710,eletronicos,1.0
200,200,v beauty,0,20260710,eletronicos,1.0
195,195,brunswick,0,20260710,eletronicos,1.0
500,500,joymax,5,20260710,eletronicos,1.0
3800,3800,apple,1,20260710,eletronicos,1.0
650,650,ubiquiti,3,20260710,eletronicos,1.0
120,120,qoc,0,20260710,eletronicos,1.0
2100,0,pichau,0,20260710,eletronicos,1.0
105,105,intel,0,20260710,eletronicos,1.0
100,100,kaidi,0,20260710,eletronicos,1.0
150,150,nintendo game boy,0,20260710,eletronicos,1.0
100,100,jortan,1,20260710,eletronicos,1.0
168,168,nintend,1,20260710,eletronicos,1.0
100,100,nintend,1,20260710,eletronicos,1.0
120,120,playstation 2,0,20260710,eletronicos,1.0
129,129,mercur,2,20260710,eletronicos,1.0
148,148,sony,0,20260710,eletronicos,1.0
4700,0,apple,4,20260710,eletronicos,1.0
119,119,panasonic,0,20260710,eletronicos,1.0
99,99,genérica,1,20260710,eletronicos,1.0
50,0,ubisoft,3,20260710,eletronicos,0.0
1500,0,sony,6,20260710,eletronicos,0.0
110,110,motorola,0,20260710,eletronicos,1.0
52,52,ultramax,0,20260710,eletronicos,1.0
60,60,sem  marca,1,20260710,eletronicos,1.0
50,50,dart bag,5,20260710,eletronicos,1.0
180,0,epson,5,20260710,eletronicos,0.0
59,59,ultramax,0,20260710,eletronicos,1.0
50,50,maker,0,20260710,eletronicos,1.0
1089,0,apple,1,20260710,eletronicos,1.0
40,40,"ea,",0,20260710,eletronicos,1.0
50,50,hairstar,1,20260710,eletronicos,1.0
60,60,sem  marca,0,20260710,eletronicos,1.0
50,50,case,3,20260710,eletronicos,1.0
1950,0,meta,0,20260710,eletronicos,1.0
45,0,jvc,0,20260710,eletronicos,1.0
1200,0,apple,2,20260710,eletronicos,1.0
60,60,gama,2,20260710,eletronicos,1.0
30,30,sony,0,20260710,eletronicos,1.0
28,28,sem  marca,0,20260710,eletronicos,1.0
45,45,sem  marca,2,20260710,eletronicos,1.0
45,45,sem  marca,2,20260710,eletronicos,1.0
17,17,sem  marca,0,20260710,eletronicos,1.0
160,160,aoc,3,20260710,eletronicos,1.0
30,30,iphone,0,20260710,eletronicos,1.0
1300,1300,xbox one,3,20260710,eletronicos,1.0
2000,2000,sem  marca,0,20260710,eletronicos,1.0
970,970,samsung,0,20260710,eletronicos,1.0
2190,2190,medicube,6,20260710,eletronicos,1.0
25,25,sem  marca,4,20260710,eletronicos,1.0
170,0,amazon.,0,20260710,eletronicos,1.0
600,600,sansung,0,20260710,eletronicos,1.0
400,400,amazon.,3,20260710,eletronicos,1.0
420,420,mlove,0,20260710,eletronicos,1.0
19000,19000,wit color,0,20260710,eletronicos,1.0
1800,1800,bluepc,1,20260710,eletronicos,1.0
1499,1499,shure,6,20260710,eletronicos,1.0
500,500,toshiba,0,20260710,eletronicos,1.0
15,15,tok&stok,0,20260710,eletronicos,1.0
25,25,wildflower,1,20260710,eletronicos,1.0
385,0,apple,0,20260710,eletronicos,1.0
490,490,sony,5,20260710,eletronicos,1.0
269,269,polishop,0,20260710,eletronicos,1.0
220,220,imenso,0,20260710,eletronicos,1.0
300,300,redragon,0,20260710,eletronicos,1.0
410,410,motorola,5,20260710,eletronicos,1.0
300,300,samsung,0,20260710,eletronicos,0.0
230,230,ugee,0,20260710,eletronicos,1.0
17,17,sem  marca,0,20260710,eletronicos,1.0
200,200,sem  marca,0,20260710,eletronicos,1.0
299,299,microwear,1,20260710,eletronicos,1.0
350,350,sem  marca,0,20260710,eletronicos,1.0
250,250,redragon,3,20260710,eletronicos,1.0
500,500,samsung,1,20260710,eletronicos,1.0
229,229,hmaston,0,20260710,eletronicos,1.0
260,260,motorola,0,20260710,eletronicos,1.0
175,0,sony,1,20260710,eletronicos,1.0
119,0,psvita,2,20260710,eletronicos,1.0
200,200,rhode,0,20260710,eletronicos,1.0
199,199,xwear,0,20260710,eletronicos,1.0
115,115,philips,2,20260710,eletronicos,1.0
115,115,sony,0,20260710,eletronicos,1.0
150,150,dell,1,20260710,eletronicos,1.0
150,150,world view,0,20260710,eletronicos,1.0
100,100,hmaston,2,20260710,eletronicos,1.0
140,140,tany,0,20260710,eletronicos,1.0
8000,0,apple,1,20260710,eletronicos,0.0
100,100,nintend,0,20260710,eletronicos,1.0
79,79,rockstar games.,0,20260710,eletronicos,1.0
80,80,broadlink,1,20260710,eletronicos,1.0
85,85,sem  marca,0,20260710,eletronicos,1.0
60,60,bethesda,0,20260710,eletronicos,1.0
70,70,ea sports,0,20260710,eletronicos,1.0
800,800,apple,9,20260710,eletronicos,1.0
350,0,lumix,1,20260710,eletronicos,1.0
50,50,tplink,0,20260710,eletronicos,1.0
55,55,konami,0,20260710,eletronicos,1.0
4000,0,apple,4,20260710,eletronicos,1.0
350,350,gillette,0,20260710,eletronicos,1.0
32,32,mpi0,0,20260710,eletronicos,1.0
45,45,tplink,0,20260710,eletronicos,1.0
3200,0,apple,4,20260710,eletronicos,1.0
450,0,nikon,7,20260710,eletronicos,1.0
30,30,sem  marca,0,20260710,eletronicos,1.0
40,40,w.b,0,20260710,eletronicos,1.0
31,31,a’gold,0,20260710,eletronicos,1.0
30,30,relog´s,0,20260710,eletronicos,1.0
2500,2500,polk áudio,0,20260710,eletronicos,1.0
4500,4500,apple,5,20260710,eletronicos,1.0
1000,1000,epson,2,20260710,eletronicos,1.0
15,15,guangzhou dechang power technology co ltd,0,20260710,eletronicos,1.0
7950,7950,dji,1,20260710,eletronicos,1.0
1200,1200,samsung,0,20260710,eletronicos,1.0
3700,3700,apple,3,20260710,eletronicos,1.0
650,650,tecno,0,20260710,eletronicos,1.0
1000,1000,huion,2,20260710,eletronicos,1.0
1200,1200,shokz,1,20260710,eletronicos,1.0
299,299,swatch,4,20260710,eletronicos,1.0
300,300,sony xbox,0,20260710,eletronicos,1.0
1590,1590,ledger,0,20260710,eletronicos,1.0
315,315,lenovo,1,20260710,eletronicos,1.0
320,320,smallrig,4,20260710,eletronicos,1.0
580,580,aoc,5,20260710,eletronicos,1.0
330,330,amiibo nintendo,0,20260710,eletronicos,1.0
350,350,apple,2,20260710,eletronicos,1.0
600,600,itautec,0,20260710,eletronicos,0.0
750,0,xiaomi,0,20260710,eletronicos,1.0
200,200,hewlettpackard,0,20260710,eletronicos,1.0
250,250,r36s,1,20260710,eletronicos,1.0
350,350,hori,4,20260710,eletronicos,1.0
300,300,pichau vulcan,0,20260710,eletronicos,0.0
297,297,xiaomi,3,20260710,eletronicos,1.0
650,0,crucial,0,20260710,eletronicos,1.0
180,180,salon line.,0,20260710,eletronicos,1.0
188,188,lucasarts,2,20260710,eletronicos,1.0
200,200,voxman,5,20260710,eletronicos,1.0
260,260,motorola,3,20260710,eletronicos,1.0
100,0,lego,0,20260710,eletronicos,1.0
329,0,elle kennedy,0,20260710,eletronicos,1.0
180,0,sony,0,20260710,eletronicos,0.0
110,110,teikon,1,20260710,eletronicos,1.0
85,85,airpods,1,20260710,eletronicos,1.0
90,90,rockstar games.,2,20260710,eletronicos,1.0
100,100,jp 099,0,20260710,eletronicos,1.0
106,106,kapbom,0,20260710,eletronicos,1.0
70,70,havit,0,20260710,eletronicos,1.0
65,65,sega,2,20260710,eletronicos,1.0
79,79,sem  marca,0,20260710,eletronicos,1.0
91,91,gama,0,20260710,eletronicos,1.0
99,99,ácer,3,20260710,eletronicos,1.0
150,150,zeiss,1,20260710,eletronicos,1.0
88,88,câmera espiã,9,20260710,eletronicos,1.0
70,70,sem  marca,0,20260710,eletronicos,1.0
679,0,sony,2,20260710,eletronicos,1.0
61,61,microsoft,1,20260710,eletronicos,1.0
80,80,konami,2,20260710,eletronicos,1.0
68,68,blü,3,20260710,eletronicos,1.0
160,0,taiff,0,20260710,eletronicos,1.0
49,49,samsung,0,20260710,eletronicos,1.0
450,0,polaroid,4,20260710,eletronicos,1.0
39,39,sem  marca,2,20260710,eletronicos,1.0
50,50,amd,0,20260710,eletronicos,1.0
49,49,apple,0,20260710,eletronicos,1.0
45,45,peining,0,20260710,eletronicos,1.0
50,50,sem  marca,1,20260710,eletronicos,1.0
35,35,sem  marca,1,20260710,eletronicos,1.0
45,45,emay,0,20260710,eletronicos,1.0
48,0,mobildeksel,0,20260710,eletronicos,1.0
40,40,sem  marca,1,20260710,eletronicos,1.0
14,14,pial,0,20260710,eletronicos,1.0
690,690,sony playstation 4,1,20260710,eletronicos,1.0
25,25,inova,0,20260710,eletronicos,1.0
1000,1000,maqmei,0,20260710,eletronicos,1.0
250,0,sony,1,20260710,eletronicos,1.0
700,700,nintendo,1,20260710,eletronicos,1.0
30,30,sem  marca,5,20260710,eletronicos,1.0
29,29,cabos!!,1,20260710,eletronicos,1.0
1000,0,logitech,0,20260710,eletronicos,1.0
1500,1500,intel,0,20260710,eletronicos,1.0
2450,2450,sigma,0,20260710,eletronicos,1.0
3800,3800,apple,0,20260710,eletronicos,1.0
1900,1900,nikon,4,20260710,eletronicos,1.0
1250,1250,philips,0,20260710,eletronicos,1.0
1453,1453,pichau,0,20260710,eletronicos,1.0
29,29,sem  marca,0,20260710,eletronicos,1.0
2450,2450,raf eletrônics,1,20260710,eletronicos,1.0
11800,11800,shure,5,20260710,eletronicos,1.0
45,45,smart,9,20260710,eletronicos,1.0
229,229,xiaomi,0,20260710,eletronicos,1.0
285,285,olympus,2,20260710,eletronicos,1.0
370,370,canon,2,20260710,eletronicos,1.0
30,30,apple,1,20260710,eletronicos,1.0
220,220,vedo,1,20260710,eletronicos,1.0
188,188,sony,1,20260710,eletronicos,1.0
259,259,tplink,0,20260710,eletronicos,1.0
280,280,nintendo,1,20260710,eletronicos,1.0
120,120,sem  marca,0,20260710,eletronicos,1.0
135,135,samsung,0,20260710,eletronicos,1.0
188,188,insta360,4,20260710,eletronicos,1.0
200,200,sony,1,20260710,eletronicos,1.0
160,160,hp,0,20260710,eletronicos,1.0
195,195,exatron,0,20260710,eletronicos,1.0
140,140,smart,2,20260710,eletronicos,1.0
160,160,tp-link,0,20260710,eletronicos,1.0
350,350,ricoh,9,20260710,eletronicos,1.0
137,137,jbl,6,20260710,eletronicos,1.0
95,95,philco,0,20260710,eletronicos,1.0
100,100,toshiba,0,20260710,eletronicos,1.0
118,118,bbg,1,20260710,eletronicos,1.0
120,120,hp,0,20260710,eletronicos,1.0
100,100,philips,2,20260710,eletronicos,1.0
350,350,sem  marca,7,20260710,eletronicos,1.0
100,0,gamemaster,0,20260710,eletronicos,1.0
1000,1000,fujifilm,1,20260710,eletronicos,1.0
100,100,sem  marca,0,20260710,eletronicos,1.0
68,68,nintendo,0,20260710,eletronicos,1.0
60,60,"ea,",1,20260710,eletronicos,1.0
200,200,vinik,1,20260710,eletronicos,1.0
55,55,sem  marca,2,20260710,eletronicos,1.0
2500,0,apple,1,20260710,eletronicos,0.0
85,0,netherrealm-studios,0,20260710,eletronicos,1.0
1700,0,canon,7,20260710,eletronicos,1.0
60,60,playstation,1,20260710,eletronicos,1.0
68,68,ps2,8,20260710,eletronicos,1.0
39,39,samsung,0,20260710,eletronicos,1.0
39,39,sem  marca,0,20260710,eletronicos,1.0
35,35,sem  marca,0,20260710,eletronicos,1.0
750,0,apple,1,20260710,eletronicos,1.0
30,30,sem  marca,1,20260710,eletronicos,1.0
25,25,sem  marca,0,20260710,eletronicos,1.0
20,20,airelles,0,20260710,eletronicos,1.0
60,60,mallory,3,20260710,eletronicos,1.0
19,19,generic,0,20260710,eletronicos,1.0
15,15,sem  marca,0,20260710,eletronicos,1.0
21,21,maketech,0,20260710,eletronicos,1.0
20,20,keliou,0,20260710,eletronicos,1.0
25,25,bethesda,1,20260710,eletronicos,1.0
999,0,microsoft,0,20260710,eletronicos,1.0
90,90,microsoft,2,20260710,eletronicos,1.0
90,0,nintendo,3,20260710,eletronicos,1.0
1900,1900,apple,2,20260710,eletronicos,1.0
49,49,apple,0,20260710,eletronicos,1.0
1950,1950,apple,1,20260710,eletronicos,1.0
1000,0,xbox one,2,20260710,eletronicos,1.0
80,0,eletronic arts,0,20260710,eletronicos,1.0
4512,0,samsung,0,20260710,eletronicos,1.0
1100,0,apple,5,20260710,eletronicos,1.0
150,150,lelong,1,20260710,eletronicos,1.0
2000,0,xbox one,8,20260710,eletronicos,0.0
40,40,le long,0,20260710,eletronicos,1.0
15,15,copag,4,20260710,eletronicos,1.0
2786,0,apple,0,20260710,eletronicos,1.0
40,40,le long,0,20260710,eletronicos,1.0
18,18,jogo de dominó,7,20260710,eletronicos,1.0
186,186,8bitdo,9,20260710,eletronicos,1.0
250,250,apple,0,20260710,eletronicos,1.0
1400,1400,samsung,1,20260710,eletronicos,1.0
750,0,nintendo,0,20260710,eletronicos,0.0
35,35,"ps3,",2,20260710,eletronicos,1.0
1000,1000,apple,7,20260710,eletronicos,1.0
300,300,disney,2,20260710,eletronicos,1.0
90,90,playstation,1,20260710,eletronicos,0.0
240,240,nintendo,0,20260710,eletronicos,1.0
89,89,xbox one,1,20260710,eletronicos,1.0
99,99,lelong,5,20260710,eletronicos,1.0
89,89,playstation,0,20260710,eletronicos,1.0
99,99,playstation,1,20260710,eletronicos,1.0
99,99,nintendo,0,20260710,eletronicos,1.0
80,80,xbox one,0,20260710,eletronicos,1.0
1050,1050,amazfit,5,20260710,eletronicos,1.0
120,120,britania,0,20260710,eletronicos,1.0
500,500,samsung,2,20260710,eletronicos,1.0
89,89,plsytation,1,20260710,eletronicos,1.0
98,98,playstation,0,20260710,eletronicos,1.0
99,99,xbox one,0,20260710,eletronicos,1.0
87,87,playstation,3,20260710,eletronicos,1.0
65,65,xbox one,1,20260710,eletronicos,1.0
320,320,apple,2,20260710,eletronicos,1.0
190,190,samsung,2,20260710,eletronicos,1.0
85,85,apple,1,20260710,eletronicos,1.0
170,170,"ea,",4,20260710,eletronicos,1.0
877,877,hanimex,1,20260710,eletronicos,1.0
137,137,kodak,4,20260710,eletronicos,1.0
1570,1570,montblanc,6,20260710,eletronicos,1.0
77,77,lehmox,7,20260710,eletronicos,1.0
40,40,sem  marca,0,20260710,eletronicos,0.0
139,139,force line,1,20260710,eletronicos,1.0
40,40,multilaser.,0,20260710,eletronicos,1.0
30,30,wribe,0,20260710,eletronicos,1.0
25,0,cellairis,0,20260710,eletronicos,1.0
2989,0,jbl,0,20260710,eletronicos,1.0
2980,0,jbl,0,20260710,eletronicos,1.0
78,78,sony-interactive-entertainment,2,20260710,eletronicos,1.0
